year,type,population,year_placeholder,shinkansen_line,no_station
1964,Female,49201213,1964,Tokaido,12
1964,Male,47701787,1964,Tokaido,12
1964,Total,96903000,1964,Tokaido,12
1965,Female,49729415,1965,Tokaido,12
1965,Male,48222585,1965,Tokaido,12
1965,Total,97952000,1965,Tokaido,12
1966,Female,50178001,1966,Tokaido,12
1966,Male,48672999,1966,Tokaido,12
1966,Total,98851000,1966,Tokaido,12
1967,Female,50689006,1967,Tokaido,12
1967,Male,49189994,1967,Tokaido,12
1967,Total,99879000,1967,Tokaido,12
1968,Female,51250348,1968,Tokaido,12
1968,Male,49760652,1968,Tokaido,12
1968,Total,101011000,1968,Tokaido,12
1969,Female,51848829,1969,Tokaido,13
1969,Male,50370171,1969,Tokaido,13
1969,Total,102219000,1969,Tokaido,13
1970,Female,52434590,1970,Tokaido,13
1970,Male,50968410,1970,Tokaido,13
1970,Total,103403000,1970,Tokaido,13
1971,Female,53582623,1971,Tokaido,13
1971,Male,52114377,1971,Tokaido,13
1971,Total,105697000,1971,Tokaido,13
1972,Female,54323037,1972,Sanyo,5
1972,Female,54323037,1972,Tokaido,13
1972,Male,52864963,1972,Sanyo,5
1972,Male,52864963,1972,Tokaido,13
1972,Total,107188000,1972,Sanyo,5
1972,Total,107188000,1972,Tokaido,13
1973,Female,55078120,1973,Sanyo,5
1973,Female,55078120,1973,Tokaido,13
1973,Male,53628880,1973,Sanyo,5
1973,Male,53628880,1973,Tokaido,13
1973,Total,108707000,1973,Sanyo,5
1973,Total,108707000,1973,Tokaido,13
1974,Female,55802301,1974,Sanyo,5
1974,Female,55802301,1974,Tokaido,13
1974,Male,54359699,1974,Sanyo,5
1974,Male,54359699,1974,Tokaido,13
1974,Total,110162000,1974,Sanyo,5
1974,Total,110162000,1974,Tokaido,13
1975,Female,56506487,1975,Sanyo,15
1975,Female,56506487,1975,Tokaido,13
1975,Male,55066513,1975,Sanyo,15
1975,Male,55066513,1975,Tokaido,13
1975,Total,111573000,1975,Sanyo,15
1975,Total,111573000,1975,Tokaido,13
1976,Female,57107603,1976,Sanyo,15
1976,Female,57107603,1976,Tokaido,13
1976,Male,55667397,1976,Sanyo,15
1976,Male,55667397,1976,Tokaido,13
1976,Total,112775000,1976,Sanyo,15
1976,Total,112775000,1976,Tokaido,13
1977,Female,57658272,1977,Sanyo,15
1977,Female,57658272,1977,Tokaido,13
1977,Male,56213728,1977,Sanyo,15
1977,Male,56213728,1977,Tokaido,13
1977,Total,113872000,1977,Sanyo,15
1977,Total,113872000,1977,Tokaido,13
1978,Female,58182892,1978,Sanyo,15
1978,Female,58182892,1978,Tokaido,13
1978,Male,56730108,1978,Sanyo,15
1978,Male,56730108,1978,Tokaido,13
1978,Total,114913000,1978,Sanyo,15
1978,Total,114913000,1978,Tokaido,13
1979,Female,58676704,1979,Sanyo,15
1979,Female,58676704,1979,Tokaido,13
1979,Male,57213296,1979,Sanyo,15
1979,Male,57213296,1979,Tokaido,13
1979,Total,115890000,1979,Sanyo,15
1979,Total,115890000,1979,Tokaido,13
1980,Female,59141247,1980,Sanyo,15
1980,Female,59141247,1980,Tokaido,13
1980,Male,57665753,1980,Sanyo,15
1980,Male,57665753,1980,Tokaido,13
1980,Total,116807000,1980,Sanyo,15
1980,Total,116807000,1980,Tokaido,13
1981,Female,59574777,1981,Sanyo,15
1981,Female,59574777,1981,Tokaido,13
1981,Male,58086223,1981,Sanyo,15
1981,Male,58086223,1981,Tokaido,13
1981,Total,117661000,1981,Sanyo,15
1981,Total,117661000,1981,Tokaido,13
1982,Female,59991753,1982,Joetsu,8
1982,Female,59991753,1982,Sanyo,15
1982,Female,59991753,1982,Tohoku,13
1982,Female,59991753,1982,Tokaido,13
1982,Male,58488247,1982,Joetsu,8
1982,Male,58488247,1982,Sanyo,15
1982,Male,58488247,1982,Tohoku,13
1982,Male,58488247,1982,Tokaido,13
1982,Total,118480000,1982,Joetsu,8
1982,Total,118480000,1982,Sanyo,15
1982,Total,118480000,1982,Tohoku,13
1982,Total,118480000,1982,Tokaido,13
1983,Female,60414541,1983,Joetsu,8
1983,Female,60414541,1983,Sanyo,15
1983,Female,60414541,1983,Tohoku,13
1983,Female,60414541,1983,Tokaido,13
1983,Male,58892459,1983,Joetsu,8
1983,Male,58892459,1983,Sanyo,15
1983,Male,58892459,1983,Tohoku,13
1983,Male,58892459,1983,Tokaido,13
1983,Total,119307000,1983,Joetsu,8
1983,Total,119307000,1983,Sanyo,15
1983,Total,119307000,1983,Tohoku,13
1983,Total,119307000,1983,Tokaido,13
1984,Female,60814106,1984,Joetsu,8
1984,Female,60814106,1984,Sanyo,15
1984,Female,60814106,1984,Tohoku,13
1984,Female,60814106,1984,Tokaido,13
1984,Male,59268894,1984,Joetsu,8
1984,Male,59268894,1984,Sanyo,15
1984,Male,59268894,1984,Tohoku,13
1984,Male,59268894,1984,Tokaido,13
1984,Total,120083000,1984,Joetsu,8
1984,Total,120083000,1984,Sanyo,15
1984,Total,120083000,1984,Tohoku,13
1984,Total,120083000,1984,Tokaido,13
1985,Female,61205656,1985,Joetsu,8
1985,Female,61205656,1985,Sanyo,15
1985,Female,61205656,1985,Tohoku,16
1985,Female,61205656,1985,Tokaido,13
1985,Male,59631344,1985,Joetsu,8
1985,Male,59631344,1985,Sanyo,15
1985,Male,59631344,1985,Tohoku,16
1985,Male,59631344,1985,Tokaido,13
1985,Total,120837000,1985,Joetsu,8
1985,Total,120837000,1985,Sanyo,15
1985,Total,120837000,1985,Tohoku,16
1985,Total,120837000,1985,Tokaido,13
1986,Female,61545487,1986,Joetsu,8
1986,Female,61545487,1986,Sanyo,15
1986,Female,61545487,1986,Tohoku,16
1986,Female,61545487,1986,Tokaido,13
1986,Male,59936513,1986,Joetsu,8
1986,Male,59936513,1986,Sanyo,15
1986,Male,59936513,1986,Tohoku,16
1986,Male,59936513,1986,Tokaido,13
1986,Total,121482000,1986,Joetsu,8
1986,Total,121482000,1986,Sanyo,15
1986,Total,121482000,1986,Tohoku,16
1986,Total,121482000,1986,Tokaido,13
1987,Female,61859029,1987,Joetsu,8
1987,Female,61859029,1987,Sanyo,15
1987,Female,61859029,1987,Tohoku,16
1987,Female,61859029,1987,Tokaido,13
1987,Male,60209971,1987,Joetsu,8
1987,Male,60209971,1987,Sanyo,15
1987,Male,60209971,1987,Tohoku,16
1987,Male,60209971,1987,Tokaido,13
1987,Total,122069000,1987,Joetsu,8
1987,Total,122069000,1987,Sanyo,15
1987,Total,122069000,1987,Tohoku,16
1987,Total,122069000,1987,Tokaido,13
1988,Female,62134978,1988,Joetsu,8
1988,Female,62134978,1988,Sanyo,17
1988,Female,62134978,1988,Tohoku,16
1988,Female,62134978,1988,Tokaido,16
1988,Male,60443022,1988,Joetsu,8
1988,Male,60443022,1988,Sanyo,17
1988,Male,60443022,1988,Tohoku,16
1988,Male,60443022,1988,Tokaido,16
1988,Total,122578000,1988,Joetsu,8
1988,Total,122578000,1988,Sanyo,17
1988,Total,122578000,1988,Tohoku,16
1988,Total,122578000,1988,Tokaido,16
1989,Female,62402142,1989,Joetsu,8
1989,Female,62402142,1989,Sanyo,17
1989,Female,62402142,1989,Tohoku,16
1989,Female,62402142,1989,Tokaido,16
1989,Male,60666858,1989,Joetsu,8
1989,Male,60666858,1989,Sanyo,17
1989,Male,60666858,1989,Tohoku,16
1989,Male,60666858,1989,Tokaido,16
1989,Total,123069000,1989,Joetsu,8
1989,Total,123069000,1989,Sanyo,17
1989,Total,123069000,1989,Tohoku,16
1989,Total,123069000,1989,Tokaido,16
1990,Female,62626958,1990,Joetsu,8
1990,Female,62626958,1990,Sanyo,17
1990,Female,62626958,1990,Tohoku,17
1990,Female,62626958,1990,Tokaido,16
1990,Male,60851042,1990,Joetsu,8
1990,Male,60851042,1990,Sanyo,17
1990,Male,60851042,1990,Tohoku,17
1990,Male,60851042,1990,Tokaido,16
1990,Total,123478000,1990,Joetsu,8
1990,Total,123478000,1990,Sanyo,17
1990,Total,123478000,1990,Tohoku,17
1990,Total,123478000,1990,Tokaido,16
1991,Female,62889471,1991,Joetsu,8
1991,Female,62889471,1991,Sanyo,17
1991,Female,62889471,1991,Tohoku,18
1991,Female,62889471,1991,Tokaido,16
1991,Male,61074529,1991,Joetsu,8
1991,Male,61074529,1991,Sanyo,17
1991,Male,61074529,1991,Tohoku,18
1991,Male,61074529,1991,Tokaido,16
1991,Total,123964000,1991,Joetsu,8
1991,Total,123964000,1991,Sanyo,17
1991,Total,123964000,1991,Tohoku,18
1991,Total,123964000,1991,Tokaido,16
1992,Female,63138402,1992,Joetsu,8
1992,Female,63138402,1992,Sanyo,17
1992,Female,63138402,1992,Tohoku,18
1992,Female,63138402,1992,Tokaido,16
1992,Female,63138402,1992,Yamagata,5
1992,Male,61286598,1992,Joetsu,8
1992,Male,61286598,1992,Sanyo,17
1992,Male,61286598,1992,Tohoku,18
1992,Male,61286598,1992,Tokaido,16
1992,Male,61286598,1992,Yamagata,5
1992,Total,124425000,1992,Joetsu,8
1992,Total,124425000,1992,Sanyo,17
1992,Total,124425000,1992,Tohoku,18
1992,Total,124425000,1992,Tokaido,16
1992,Total,124425000,1992,Yamagata,5
1993,Female,63358630,1993,Joetsu,8
1993,Female,63358630,1993,Sanyo,17
1993,Female,63358630,1993,Tohoku,18
1993,Female,63358630,1993,Tokaido,16
1993,Female,63358630,1993,Yamagata,5
1993,Male,61470370,1993,Joetsu,8
1993,Male,61470370,1993,Sanyo,17
1993,Male,61470370,1993,Tohoku,18
1993,Male,61470370,1993,Tokaido,16
1993,Male,61470370,1993,Yamagata,5
1993,Total,124829000,1993,Joetsu,8
1993,Total,124829000,1993,Sanyo,17
1993,Total,124829000,1993,Tohoku,18
1993,Total,124829000,1993,Tokaido,16
1993,Total,124829000,1993,Yamagata,5
1994,Female,63552818,1994,Joetsu,8
1994,Female,63552818,1994,Sanyo,17
1994,Female,63552818,1994,Tohoku,18
1994,Female,63552818,1994,Tokaido,16
1994,Female,63552818,1994,Yamagata,5
1994,Male,61625182,1994,Joetsu,8
1994,Male,61625182,1994,Sanyo,17
1994,Male,61625182,1994,Tohoku,18
1994,Male,61625182,1994,Tokaido,16
1994,Male,61625182,1994,Yamagata,5
1994,Total,125178000,1994,Joetsu,8
1994,Total,125178000,1994,Sanyo,17
1994,Total,125178000,1994,Tohoku,18
1994,Total,125178000,1994,Tokaido,16
1994,Total,125178000,1994,Yamagata,5
1995,Female,63722116,1995,Joetsu,8
1995,Female,63722116,1995,Sanyo,17
1995,Female,63722116,1995,Tohoku,18
1995,Female,63722116,1995,Tokaido,16
1995,Female,63722116,1995,Yamagata,5
1995,Male,61749884,1995,Joetsu,8
1995,Male,61749884,1995,Sanyo,17
1995,Male,61749884,1995,Tohoku,18
1995,Male,61749884,1995,Tokaido,16
1995,Male,61749884,1995,Yamagata,5
1995,Total,125472000,1995,Joetsu,8
1995,Total,125472000,1995,Sanyo,17
1995,Total,125472000,1995,Tohoku,18
1995,Total,125472000,1995,Tokaido,16
1995,Total,125472000,1995,Yamagata,5
1996,Female,63890191,1996,Joetsu,8
1996,Female,63890191,1996,Sanyo,17
1996,Female,63890191,1996,Tohoku,18
1996,Female,63890191,1996,Tokaido,16
1996,Female,63890191,1996,Yamagata,5
1996,Male,61866809,1996,Joetsu,8
1996,Male,61866809,1996,Sanyo,17
1996,Male,61866809,1996,Tohoku,18
1996,Male,61866809,1996,Tokaido,16
1996,Male,61866809,1996,Yamagata,5
1996,Total,125757000,1996,Joetsu,8
1996,Total,125757000,1996,Sanyo,17
1996,Total,125757000,1996,Tohoku,18
1996,Total,125757000,1996,Tokaido,16
1996,Total,125757000,1996,Yamagata,5
1997,Female,64068675,1997,Akita,5
1997,Female,64068675,1997,Hokuriku,5
1997,Female,64068675,1997,Joetsu,8
1997,Female,64068675,1997,Sanyo,17
1997,Female,64068675,1997,Tohoku,18
1997,Female,64068675,1997,Tokaido,16
1997,Female,64068675,1997,Yamagata,5
1997,Male,61988325,1997,Akita,5
1997,Male,61988325,1997,Hokuriku,5
1997,Male,61988325,1997,Joetsu,8
1997,Male,61988325,1997,Sanyo,17
1997,Male,61988325,1997,Tohoku,18
1997,Male,61988325,1997,Tokaido,16
1997,Male,61988325,1997,Yamagata,5
1997,Total,126057000,1997,Akita,5
1997,Total,126057000,1997,Hokuriku,5
1997,Total,126057000,1997,Joetsu,8
1997,Total,126057000,1997,Sanyo,17
1997,Total,126057000,1997,Tohoku,18
1997,Total,126057000,1997,Tokaido,16
1997,Total,126057000,1997,Yamagata,5
1998,Female,64270952,1998,Akita,5
1998,Female,64270952,1998,Hokuriku,5
1998,Female,64270952,1998,Joetsu,8
1998,Female,64270952,1998,Sanyo,17
1998,Female,64270952,1998,Tohoku,18
1998,Female,64270952,1998,Tokaido,16
1998,Female,64270952,1998,Yamagata,5
1998,Male,62129048,1998,Akita,5
1998,Male,62129048,1998,Hokuriku,5
1998,Male,62129048,1998,Joetsu,8
1998,Male,62129048,1998,Sanyo,17
1998,Male,62129048,1998,Tohoku,18
1998,Male,62129048,1998,Tokaido,16
1998,Male,62129048,1998,Yamagata,5
1998,Total,126400000,1998,Akita,5
1998,Total,126400000,1998,Hokuriku,5
1998,Total,126400000,1998,Joetsu,8
1998,Total,126400000,1998,Sanyo,17
1998,Total,126400000,1998,Tohoku,18
1998,Total,126400000,1998,Tokaido,16
1998,Total,126400000,1998,Yamagata,5
1999,Female,64416945,1999,Akita,5
1999,Female,64416945,1999,Hokuriku,5
1999,Female,64416945,1999,Joetsu,8
1999,Female,64416945,1999,Sanyo,18
1999,Female,64416945,1999,Tohoku,18
1999,Female,64416945,1999,Tokaido,16
1999,Female,64416945,1999,Yamagata,10
1999,Male,62214055,1999,Akita,5
1999,Male,62214055,1999,Hokuriku,5
1999,Male,62214055,1999,Joetsu,8
1999,Male,62214055,1999,Sanyo,18
1999,Male,62214055,1999,Tohoku,18
1999,Male,62214055,1999,Tokaido,16
1999,Male,62214055,1999,Yamagata,10
1999,Total,126631000,1999,Akita,5
1999,Total,126631000,1999,Hokuriku,5
1999,Total,126631000,1999,Joetsu,8
1999,Total,126631000,1999,Sanyo,18
1999,Total,126631000,1999,Tohoku,18
1999,Total,126631000,1999,Tokaido,16
1999,Total,126631000,1999,Yamagata,10
2000,Female,64552936,2000,Akita,5
2000,Female,64552936,2000,Hokuriku,5
2000,Female,64552936,2000,Joetsu,8
2000,Female,64552936,2000,Sanyo,18
2000,Female,64552936,2000,Tohoku,18
2000,Female,64552936,2000,Tokaido,16
2000,Female,64552936,2000,Yamagata,10
2000,Male,62290064,2000,Akita,5
2000,Male,62290064,2000,Hokuriku,5
2000,Male,62290064,2000,Joetsu,8
2000,Male,62290064,2000,Sanyo,18
2000,Male,62290064,2000,Tohoku,18
2000,Male,62290064,2000,Tokaido,16
2000,Male,62290064,2000,Yamagata,10
2000,Total,126843000,2000,Akita,5
2000,Total,126843000,2000,Hokuriku,5
2000,Total,126843000,2000,Joetsu,8
2000,Total,126843000,2000,Sanyo,18
2000,Total,126843000,2000,Tohoku,18
2000,Total,126843000,2000,Tokaido,16
2000,Total,126843000,2000,Yamagata,10
2001,Female,64736064,2001,Akita,5
2001,Female,64736064,2001,Hokuriku,5
2001,Female,64736064,2001,Joetsu,8
2001,Female,64736064,2001,Sanyo,18
2001,Female,64736064,2001,Tohoku,18
2001,Female,64736064,2001,Tokaido,16
2001,Female,64736064,2001,Yamagata,10
2001,Male,62412936,2001,Akita,5
2001,Male,62412936,2001,Hokuriku,5
2001,Male,62412936,2001,Joetsu,8
2001,Male,62412936,2001,Sanyo,18
2001,Male,62412936,2001,Tohoku,18
2001,Male,62412936,2001,Tokaido,16
2001,Male,62412936,2001,Yamagata,10
2001,Total,127149000,2001,Akita,5
2001,Total,127149000,2001,Hokuriku,5
2001,Total,127149000,2001,Joetsu,8
2001,Total,127149000,2001,Sanyo,18
2001,Total,127149000,2001,Tohoku,18
2001,Total,127149000,2001,Tokaido,16
2001,Total,127149000,2001,Yamagata,10
2002,Female,64913526,2002,Akita,5
2002,Female,64913526,2002,Hokuriku,5
2002,Female,64913526,2002,Joetsu,8
2002,Female,64913526,2002,Sanyo,18
2002,Female,64913526,2002,Tohoku,21
2002,Female,64913526,2002,Tokaido,16
2002,Female,64913526,2002,Yamagata,10
2002,Male,62531474,2002,Akita,5
2002,Male,62531474,2002,Hokuriku,5
2002,Male,62531474,2002,Joetsu,8
2002,Male,62531474,2002,Sanyo,18
2002,Male,62531474,2002,Tohoku,21
2002,Male,62531474,2002,Tokaido,16
2002,Male,62531474,2002,Yamagata,10
2002,Total,127445000,2002,Akita,5
2002,Total,127445000,2002,Hokuriku,5
2002,Total,127445000,2002,Joetsu,8
2002,Total,127445000,2002,Sanyo,18
2002,Total,127445000,2002,Tohoku,21
2002,Total,127445000,2002,Tokaido,16
2002,Total,127445000,2002,Yamagata,10
2003,Female,65078804,2003,Akita,5
2003,Female,65078804,2003,Hokuriku,5
2003,Female,65078804,2003,Joetsu,8
2003,Female,65078804,2003,Sanyo,18
2003,Female,65078804,2003,Tohoku,21
2003,Female,65078804,2003,Tokaido,17
2003,Female,65078804,2003,Yamagata,10
2003,Male,62639196,2003,Akita,5
2003,Male,62639196,2003,Hokuriku,5
2003,Male,62639196,2003,Joetsu,8
2003,Male,62639196,2003,Sanyo,18
2003,Male,62639196,2003,Tohoku,21
2003,Male,62639196,2003,Tokaido,17
2003,Male,62639196,2003,Yamagata,10
2003,Total,127718000,2003,Akita,5
2003,Total,127718000,2003,Hokuriku,5
2003,Total,127718000,2003,Joetsu,8
2003,Total,127718000,2003,Sanyo,18
2003,Total,127718000,2003,Tohoku,21
2003,Total,127718000,2003,Tokaido,17
2003,Total,127718000,2003,Yamagata,10
2004,Female,65126621,2004,Akita,5
2004,Female,65126621,2004,Hokuriku,5
2004,Female,65126621,2004,Joetsu,9
2004,Female,65126621,2004,Kyushu,5
2004,Female,65126621,2004,Sanyo,18
2004,Female,65126621,2004,Tohoku,21
2004,Female,65126621,2004,Tokaido,17
2004,Female,65126621,2004,Yamagata,10
2004,Male,62634379,2004,Akita,5
2004,Male,62634379,2004,Hokuriku,5
2004,Male,62634379,2004,Joetsu,9
2004,Male,62634379,2004,Kyushu,5
2004,Male,62634379,2004,Sanyo,18
2004,Male,62634379,2004,Tohoku,21
2004,Male,62634379,2004,Tokaido,17
2004,Male,62634379,2004,Yamagata,10
2004,Total,127761000,2004,Akita,5
2004,Total,127761000,2004,Hokuriku,5
2004,Total,127761000,2004,Joetsu,9
2004,Total,127761000,2004,Kyushu,5
2004,Total,127761000,2004,Sanyo,18
2004,Total,127761000,2004,Tohoku,21
2004,Total,127761000,2004,Tokaido,17
2004,Total,127761000,2004,Yamagata,10
2005,Female,65158465,2005,Akita,5
2005,Female,65158465,2005,Hokuriku,5
2005,Female,65158465,2005,Joetsu,9
2005,Female,65158465,2005,Kyushu,5
2005,Female,65158465,2005,Sanyo,18
2005,Female,65158465,2005,Tohoku,21
2005,Female,65158465,2005,Tokaido,17
2005,Female,65158465,2005,Yamagata,10
2005,Male,62614535,2005,Akita,5
2005,Male,62614535,2005,Hokuriku,5
2005,Male,62614535,2005,Joetsu,9
2005,Male,62614535,2005,Kyushu,5
2005,Male,62614535,2005,Sanyo,18
2005,Male,62614535,2005,Tohoku,21
2005,Male,62614535,2005,Tokaido,17
2005,Male,62614535,2005,Yamagata,10
2005,Total,127773000,2005,Akita,5
2005,Total,127773000,2005,Hokuriku,5
2005,Total,127773000,2005,Joetsu,9
2005,Total,127773000,2005,Kyushu,5
2005,Total,127773000,2005,Sanyo,18
2005,Total,127773000,2005,Tohoku,21
2005,Total,127773000,2005,Tokaido,17
2005,Total,127773000,2005,Yamagata,10
2006,Female,65225372,2006,Akita,5
2006,Female,65225372,2006,Hokuriku,5
2006,Female,65225372,2006,Joetsu,9
2006,Female,65225372,2006,Kyushu,5
2006,Female,65225372,2006,Sanyo,18
2006,Female,65225372,2006,Tohoku,21
2006,Female,65225372,2006,Tokaido,17
2006,Female,65225372,2006,Yamagata,10
2006,Male,62628628,2006,Akita,5
2006,Male,62628628,2006,Hokuriku,5
2006,Male,62628628,2006,Joetsu,9
2006,Male,62628628,2006,Kyushu,5
2006,Male,62628628,2006,Sanyo,18
2006,Male,62628628,2006,Tohoku,21
2006,Male,62628628,2006,Tokaido,17
2006,Male,62628628,2006,Yamagata,10
2006,Total,127854000,2006,Akita,5
2006,Total,127854000,2006,Hokuriku,5
2006,Total,127854000,2006,Joetsu,9
2006,Total,127854000,2006,Kyushu,5
2006,Total,127854000,2006,Sanyo,18
2006,Total,127854000,2006,Tohoku,21
2006,Total,127854000,2006,Tokaido,17
2006,Total,127854000,2006,Yamagata,10
2007,Female,65325526,2007,Akita,5
2007,Female,65325526,2007,Hokuriku,5
2007,Female,65325526,2007,Joetsu,9
2007,Female,65325526,2007,Kyushu,5
2007,Female,65325526,2007,Sanyo,18
2007,Female,65325526,2007,Tohoku,21
2007,Female,65325526,2007,Tokaido,17
2007,Female,65325526,2007,Yamagata,10
2007,Male,62675474,2007,Akita,5
2007,Male,62675474,2007,Hokuriku,5
2007,Male,62675474,2007,Joetsu,9
2007,Male,62675474,2007,Kyushu,5
2007,Male,62675474,2007,Sanyo,18
2007,Male,62675474,2007,Tohoku,21
2007,Male,62675474,2007,Tokaido,17
2007,Male,62675474,2007,Yamagata,10
2007,Total,128001000,2007,Akita,5
2007,Total,128001000,2007,Hokuriku,5
2007,Total,128001000,2007,Joetsu,9
2007,Total,128001000,2007,Kyushu,5
2007,Total,128001000,2007,Sanyo,18
2007,Total,128001000,2007,Tohoku,21
2007,Total,128001000,2007,Tokaido,17
2007,Total,128001000,2007,Yamagata,10
2008,Female,65381234,2008,Akita,5
2008,Female,65381234,2008,Hokuriku,5
2008,Female,65381234,2008,Joetsu,9
2008,Female,65381234,2008,Kyushu,5
2008,Female,65381234,2008,Sanyo,18
2008,Female,65381234,2008,Tohoku,21
2008,Female,65381234,2008,Tokaido,17
2008,Female,65381234,2008,Yamagata,10
2008,Male,62681766,2008,Akita,5
2008,Male,62681766,2008,Hokuriku,5
2008,Male,62681766,2008,Joetsu,9
2008,Male,62681766,2008,Kyushu,5
2008,Male,62681766,2008,Sanyo,18
2008,Male,62681766,2008,Tohoku,21
2008,Male,62681766,2008,Tokaido,17
2008,Male,62681766,2008,Yamagata,10
2008,Total,128063000,2008,Akita,5
2008,Total,128063000,2008,Hokuriku,5
2008,Total,128063000,2008,Joetsu,9
2008,Total,128063000,2008,Kyushu,5
2008,Total,128063000,2008,Sanyo,18
2008,Total,128063000,2008,Tohoku,21
2008,Total,128063000,2008,Tokaido,17
2008,Total,128063000,2008,Yamagata,10
2009,Female,65395181,2009,Akita,5
2009,Female,65395181,2009,Hokuriku,5
2009,Female,65395181,2009,Joetsu,9
2009,Female,65395181,2009,Kyushu,5
2009,Female,65395181,2009,Sanyo,18
2009,Female,65395181,2009,Tohoku,21
2009,Female,65395181,2009,Tokaido,17
2009,Female,65395181,2009,Yamagata,10
2009,Male,62651819,2009,Akita,5
2009,Male,62651819,2009,Hokuriku,5
2009,Male,62651819,2009,Joetsu,9
2009,Male,62651819,2009,Kyushu,5
2009,Male,62651819,2009,Sanyo,18
2009,Male,62651819,2009,Tohoku,21
2009,Male,62651819,2009,Tokaido,17
2009,Male,62651819,2009,Yamagata,10
2009,Total,128047000,2009,Akita,5
2009,Total,128047000,2009,Hokuriku,5
2009,Total,128047000,2009,Joetsu,9
2009,Total,128047000,2009,Kyushu,5
2009,Total,128047000,2009,Sanyo,18
2009,Total,128047000,2009,Tohoku,21
2009,Total,128047000,2009,Tokaido,17
2009,Total,128047000,2009,Yamagata,10
2010,Female,65426533,2010,Akita,5
2010,Female,65426533,2010,Hokuriku,5
2010,Female,65426533,2010,Joetsu,9
2010,Female,65426533,2010,Kyushu,5
2010,Female,65426533,2010,Sanyo,18
2010,Female,65426533,2010,Tohoku,23
2010,Female,65426533,2010,Tokaido,17
2010,Female,65426533,2010,Yamagata,10
2010,Male,62643467,2010,Akita,5
2010,Male,62643467,2010,Hokuriku,5
2010,Male,62643467,2010,Joetsu,9
2010,Male,62643467,2010,Kyushu,5
2010,Male,62643467,2010,Sanyo,18
2010,Male,62643467,2010,Tohoku,23
2010,Male,62643467,2010,Tokaido,17
2010,Male,62643467,2010,Yamagata,10
2010,Total,128070000,2010,Akita,5
2010,Total,128070000,2010,Hokuriku,5
2010,Total,128070000,2010,Joetsu,9
2010,Total,128070000,2010,Kyushu,5
2010,Total,128070000,2010,Sanyo,18
2010,Total,128070000,2010,Tohoku,23
2010,Total,128070000,2010,Tokaido,17
2010,Total,128070000,2010,Yamagata,10
2011,Female,65322325,2011,Akita,5
2011,Female,65322325,2011,Hokuriku,5
2011,Female,65322325,2011,Joetsu,9
2011,Female,65322325,2011,Kyushu,11
2011,Female,65322325,2011,Sanyo,18
2011,Female,65322325,2011,Tohoku,23
2011,Female,65322325,2011,Tokaido,17
2011,Female,65322325,2011,Yamagata,10
2011,Male,62510675,2011,Akita,5
2011,Male,62510675,2011,Hokuriku,5
2011,Male,62510675,2011,Joetsu,9
2011,Male,62510675,2011,Kyushu,11
2011,Male,62510675,2011,Sanyo,18
2011,Male,62510675,2011,Tohoku,23
2011,Male,62510675,2011,Tokaido,17
2011,Male,62510675,2011,Yamagata,10
2011,Total,127833000,2011,Akita,5
2011,Total,127833000,2011,Hokuriku,5
2011,Total,127833000,2011,Joetsu,9
2011,Total,127833000,2011,Kyushu,11
2011,Total,127833000,2011,Sanyo,18
2011,Total,127833000,2011,Tohoku,23
2011,Total,127833000,2011,Tokaido,17
2011,Total,127833000,2011,Yamagata,10
2012,Female,65232461,2012,Akita,5
2012,Female,65232461,2012,Hokuriku,5
2012,Female,65232461,2012,Joetsu,9
2012,Female,65232461,2012,Kyushu,11
2012,Female,65232461,2012,Sanyo,18
2012,Female,65232461,2012,Tohoku,23
2012,Female,65232461,2012,Tokaido,17
2012,Female,65232461,2012,Yamagata,10
2012,Male,62396539,2012,Akita,5
2012,Male,62396539,2012,Hokuriku,5
2012,Male,62396539,2012,Joetsu,9
2012,Male,62396539,2012,Kyushu,11
2012,Male,62396539,2012,Sanyo,18
2012,Male,62396539,2012,Tohoku,23
2012,Male,62396539,2012,Tokaido,17
2012,Male,62396539,2012,Yamagata,10
2012,Total,127629000,2012,Akita,5
2012,Total,127629000,2012,Hokuriku,5
2012,Total,127629000,2012,Joetsu,9
2012,Total,127629000,2012,Kyushu,11
2012,Total,127629000,2012,Sanyo,18
2012,Total,127629000,2012,Tohoku,23
2012,Total,127629000,2012,Tokaido,17
2012,Total,127629000,2012,Yamagata,10
2013,Female,65150796,2013,Akita,5
2013,Female,65150796,2013,Hokuriku,5
2013,Female,65150796,2013,Joetsu,9
2013,Female,65150796,2013,Kyushu,11
2013,Female,65150796,2013,Sanyo,18
2013,Female,65150796,2013,Tohoku,23
2013,Female,65150796,2013,Tokaido,17
2013,Female,65150796,2013,Yamagata,10
2013,Male,62294204,2013,Akita,5
2013,Male,62294204,2013,Hokuriku,5
2013,Male,62294204,2013,Joetsu,9
2013,Male,62294204,2013,Kyushu,11
2013,Male,62294204,2013,Sanyo,18
2013,Male,62294204,2013,Tohoku,23
2013,Male,62294204,2013,Tokaido,17
2013,Male,62294204,2013,Yamagata,10
2013,Total,127445000,2013,Akita,5
2013,Total,127445000,2013,Hokuriku,5
2013,Total,127445000,2013,Joetsu,9
2013,Total,127445000,2013,Kyushu,11
2013,Total,127445000,2013,Sanyo,18
2013,Total,127445000,2013,Tohoku,23
2013,Total,127445000,2013,Tokaido,17
2013,Total,127445000,2013,Yamagata,10
2014,Female,65075452,2014,Akita,5
2014,Female,65075452,2014,Hokuriku,5
2014,Female,65075452,2014,Joetsu,9
2014,Female,65075452,2014,Kyushu,11
2014,Female,65075452,2014,Sanyo,18
2014,Female,65075452,2014,Tohoku,23
2014,Female,65075452,2014,Tokaido,17
2014,Female,65075452,2014,Yamagata,10
2014,Male,62200548,2014,Akita,5
2014,Male,62200548,2014,Hokuriku,5
2014,Male,62200548,2014,Joetsu,9
2014,Male,62200548,2014,Kyushu,11
2014,Male,62200548,2014,Sanyo,18
2014,Male,62200548,2014,Tohoku,23
2014,Male,62200548,2014,Tokaido,17
2014,Male,62200548,2014,Yamagata,10
2014,Total,127276000,2014,Akita,5
2014,Total,127276000,2014,Hokuriku,5
2014,Total,127276000,2014,Joetsu,9
2014,Total,127276000,2014,Kyushu,11
2014,Total,127276000,2014,Sanyo,18
2014,Total,127276000,2014,Tohoku,23
2014,Total,127276000,2014,Tokaido,17
2014,Total,127276000,2014,Yamagata,10
2015,Female,65016722,2015,Akita,5
2015,Female,65016722,2015,Hokuriku,12
2015,Female,65016722,2015,Joetsu,9
2015,Female,65016722,2015,Kyushu,11
2015,Female,65016722,2015,Sanyo,18
2015,Female,65016722,2015,Tohoku,23
2015,Female,65016722,2015,Tokaido,17
2015,Female,65016722,2015,Yamagata,10
2015,Male,62124278,2015,Akita,5
2015,Male,62124278,2015,Hokuriku,12
2015,Male,62124278,2015,Joetsu,9
2015,Male,62124278,2015,Kyushu,11
2015,Male,62124278,2015,Sanyo,18
2015,Male,62124278,2015,Tohoku,23
2015,Male,62124278,2015,Tokaido,17
2015,Male,62124278,2015,Yamagata,10
2015,Total,127141000,2015,Akita,5
2015,Total,127141000,2015,Hokuriku,12
2015,Total,127141000,2015,Joetsu,9
2015,Total,127141000,2015,Kyushu,11
2015,Total,127141000,2015,Sanyo,18
2015,Total,127141000,2015,Tohoku,23
2015,Total,127141000,2015,Tokaido,17
2015,Total,127141000,2015,Yamagata,10
2016,Female,64993146,2016,Akita,5
2016,Female,64993146,2016,Hokkaido,3
2016,Female,64993146,2016,Hokuriku,12
2016,Female,64993146,2016,Joetsu,9
2016,Female,64993146,2016,Kyushu,11
2016,Female,64993146,2016,Sanyo,18
2016,Female,64993146,2016,Tohoku,23
2016,Female,64993146,2016,Tokaido,17
2016,Female,64993146,2016,Yamagata,10
2016,Male,62082854,2016,Akita,5
2016,Male,62082854,2016,Hokkaido,3
2016,Male,62082854,2016,Hokuriku,12
2016,Male,62082854,2016,Joetsu,9
2016,Male,62082854,2016,Kyushu,11
2016,Male,62082854,2016,Sanyo,18
2016,Male,62082854,2016,Tohoku,23
2016,Male,62082854,2016,Tokaido,17
2016,Male,62082854,2016,Yamagata,10
2016,Total,127076000,2016,Akita,5
2016,Total,127076000,2016,Hokkaido,3
2016,Total,127076000,2016,Hokuriku,12
2016,Total,127076000,2016,Joetsu,9
2016,Total,127076000,2016,Kyushu,11
2016,Total,127076000,2016,Sanyo,18
2016,Total,127076000,2016,Tohoku,23
2016,Total,127076000,2016,Tokaido,17
2016,Total,127076000,2016,Yamagata,10
2017,Female,64949030,2017,Akita,5
2017,Female,64949030,2017,Hokkaido,3
2017,Female,64949030,2017,Hokuriku,12
2017,Female,64949030,2017,Joetsu,9
2017,Female,64949030,2017,Kyushu,11
2017,Female,64949030,2017,Sanyo,18
2017,Female,64949030,2017,Tohoku,23
2017,Female,64949030,2017,Tokaido,17
2017,Female,64949030,2017,Yamagata,10
2017,Male,62022970,2017,Akita,5
2017,Male,62022970,2017,Hokkaido,3
2017,Male,62022970,2017,Hokuriku,12
2017,Male,62022970,2017,Joetsu,9
2017,Male,62022970,2017,Kyushu,11
2017,Male,62022970,2017,Sanyo,18
2017,Male,62022970,2017,Tohoku,23
2017,Male,62022970,2017,Tokaido,17
2017,Male,62022970,2017,Yamagata,10
2017,Total,126972000,2017,Akita,5
2017,Total,126972000,2017,Hokkaido,3
2017,Total,126972000,2017,Hokuriku,12
2017,Total,126972000,2017,Joetsu,9
2017,Total,126972000,2017,Kyushu,11
2017,Total,126972000,2017,Sanyo,18
2017,Total,126972000,2017,Tohoku,23
2017,Total,126972000,2017,Tokaido,17
2017,Total,126972000,2017,Yamagata,10
